<?xml version="1.0" encoding="UTF-8" standalone="yes"?>
<addon id="plugin.video.koditvr" name="[COLORred]KodiTVR[/COLOR]" provider-name="KodiTVR" version="2.0.9">
    <requires>
        <!--<import addon="xbmc.python" version="2.20.0" />-->
        <import addon="script.koditvr.artwork" />
        <import addon="script.koditvr.metadata" />
        <import addon="script.module.resolveurl" />
        <import addon="script.module.requests" />
        <import addon="script.module.beautifulsoup4" />
        <import addon="script.module.koditvrscrapers" />
        <import addon="script.module.six" />
        <import addon="script.module.simplejson" />
        <import addon="script.module.openscrapers" optional="true" />
        <import addon="plugin.video.youtube" optional="true" />
    </requires>
    <extension library="koditvr.py" point="xbmc.python.pluginsource">
        <provides>video</provides>
    </extension>
    <extension library="service.py" point="xbmc.service" start="startup" />
    <extension point="xbmc.addon.metadata">
        <reuselanguageinvoker>false</reuselanguageinvoker>
        <summary lang="en_GB">KodiTVR</summary>
        <description lang="en_GB">[COLOR yellow]-compatible with Kodi18.x - 19.x version[/COLOR] - Working On Kodi 19.x version Matrix</description>
        <platform>all</platform>
        <license>GNU GENERAL PUBLIC LICENSE. Version 3, 29 June 2007</license>
        <forum />
        <website />
        <source />
        <disclaimer lang="en_GB">This add-on [COLORgreen]KodiTVR[/COLOR] simply searches websites for content. 
		The author of this add-on [COLORred]KodiTVR[/COLOR] does not host any of the content which is found and has no affiliation with any of the content providers. 
		Use at your own risk!
		* [COLORgreen][P[/COLOR][COLORred]T][/COLOR] [COLORgreen]Este add-on [COLORsilver]KodiTVR[/COLOR] simplesmente pesquisa sites p'o conteúdo.[/COLOR]
		* [COLORyellow]O autor deste complemento [COLORsilver]KodiTVR[/COLOR] não hospeda nenhum dos conteúdos encontrados e não tem nenhuma afiliação com nenhum dos provedores de conteúdo.[/COLOR] 
		* [COLORred]Use por sua conta e risco![/COLOR]
		</disclaimer>
        <assets>
            <icon>icon.png</icon>
            <fanart>fanart.jpg</fanart>
        </assets>
        <news>
- See Changelog on Tools menu
        </news>
    </extension>
</addon>