<?xml version="1.0" encoding="UTF-8" standalone="yes"?>
<addon id="repository.KodiTVR.MATRIX" name="[B][COLOR blue]repository [COLOR yellow]KodiTVR[/B][/COLOR] MATRIX" version="0.0.1" provider-name="KodiTVR">
	<requires>    
    <import addon="xbmc.addon" version="12.0.0"/>
    
    </requires>
	<extension point="xbmc.addon.repository" name="[B][COLOR yellow]repository [COLOR yellow]KodiTVR[/B][/COLOR]">
		<info compressed="false">https://raw.github.com/KodiTVR-add-on/repository.KodiTVR.MATRIX/master/addons.xml</info>
		<checksum>https://raw.github.com/KodiTVR-add-on/repository.KodiTVR.MATRIX/master/addons.xml.md5</checksum>
		<datadir zip="true">https://raw.github.com/KodiTVR-add-on/repository.KodiTVR.MATRIX/master/repo/</datadir>
	</extension>
	<extension point="xbmc.addon.metadata">
		<summary>KodiTVR Repo MATRIX</summary>
		<description>Transferir e instalar add-ons KodiTVR a partir do repositório KodiTVR MATRIX, aqui encontra add-ons para o Kodi, testados pela KodiTVR! Agora o resto fica á vossa escolha...</description>
		<disclaimer></disclaimer>
		<platform>all</platform>
	</extension>
</addon>