<?xml version='1.0' encoding='UTF-8' standalone='yes'?>
<addon id="plugin.video.KodiTVR_Sport_MATRIX" name="[COLORcyan]KodiTVR[/COLOR] [COLORgold]SUPER[/COLOR] [COLORsilver]SPORT[/COLOR] [COLORlime]MATRIX[/COLOR]" version="25+matrix.1" provider-name="KodiTVR">
  <requires>
    <import addon="xbmc.python" version="3.0.0"/>
    <import addon="script.module.pycryptodome"/>
    <import addon="script.module.requests"/>
    <import addon="script.module.kodi-six"/>
    <import addon="script.module.future"/>
    <import addon="script.module.routing"/>
  </requires>
  <extension point="xbmc.python.pluginsource" library="addon.py">
    <provides>video</provides>
  </extension>
  <extension point="xbmc.addon.metadata">
    <reuselanguageinvoker>true</reuselanguageinvoker>
    <summary lang="en_gb">KodiTVR SUPER TV ONE</summary>
    <description lang="en_gb">[COLORlime]Add-on KodiTVR - for app KODI version 19 X MATRIX to watch sports and others CHANNELS.[/COLOR]</description>
    <disclaimer lang="en_gb"/>
    <language/>
    <platform>all</platform>
    <license>GPL-3.0</license>
    <forum/>
    <website/>
    <email/>
    <source/>
    <assets/>
  </extension>
</addon>
