<?xml version="1.1" encoding="UTF-8" standalone="yes"?>
<addon id="plugin.video.KodiTVR.xtream-codes"
       name="KodiTVR [COLORgold]Xtream[/COLOR][COLORblack]-[/COLOR][COLORgold]IPTV[/COLOR]"
       version="1.0.0+matrix"
       provider-name="KodiTVR">
  <requires>
    <import addon="xbmc.python" version="3.0.0"/>
	<import addon="script.module.requests" />
  </requires>
  <extension point="xbmc.python.pluginsource"
            library="default.py">
        <provides>video</provides>
  </extension>
  <extension point="xbmc.addon.metadata">
    <summary lang="en">KodiTVR Xtream-IPTV</summary>
    <language>en</language>
    <description lang="en">[COLORgold]KodiTVR Xtream-IPTV ADD-ON for APP Kodi 19x Matrix[/COLOR]</description>
     <platform>all</platform>
	 <assets>
			<icon>icon.png</icon>
			<fanart>fanart.jpg</fanart>
		</assets>
  </extension>
</addon>
