<?xml version="1.0" encoding="UTF-8" standalone="yes" ?>
<addon id="plugin.video.KodiTVR_LIVE" name="[COLORblue]KodiTVR[/COLOR] LIVE SPORT [COLORred]TV[/COLOR]" version="1.0.0" provider-name="KodiTVR">
	<requires>
		<!-- <import addon="xbmc.python" version="3.0.0" /> -->
		<import addon="script.module.six"/>
		<import addon="script.module.requests" />
		<import addon="script.module.inputstreamhelper" version="0.3.3"/>
		<import addon="script.module.resolveurl" version="5.0.00"/>
		<import addon="script.module.pytz" version="2014.2"/>

	</requires>
	<extension point="xbmc.python.pluginsource" library="KodiTVR.py">
		<provides>video</provides>
	</extension>
	<extension point="xbmc.service" library="serverHTTP.py" />
	<extension point="xbmc.addon.metadata">
		<description>SPORTS TV -compatible with Kodi18.x - 19.x version</description>
		<disclaimer>https://github.com/KodiTVR-add-on/repository.KodiTVR</disclaimer>
		<summary>KodiTVR Live TV</summary>
		<language></language>
		<platform>all</platform>
		<license>GNU GENERAL PUBLIC LICENSE. Version 2, June 1991</license>
		<website>https://koditvr.wixsite.com/website</website>
		<assets>
			<icon>icon.png</icon>
			<fanart>fanart.jpg</fanart>
		</assets>
	</extension>
</addon>
