<?xml version="1.0" encoding="UTF-8" standalone="yes"?>
<addon id="plugin.video.KodiTVR_MATRIX_PlayList" name="[COLORgold]KodiTVR[/COLOR] [COLORchocolate]PlayList[/COLOR] [COLORlime]MATRIX[/COLOR]" version="1.0.3+matrix" provider-name="KodiTVR">
  <requires>
    <import addon="xbmc.python" version="3.0.0"/>
    <import addon="script.module.requests" version="2.22.0"/>
  </requires>
  <extension point="xbmc.python.pluginsource" library="default.py">
    <provides>video</provides>
  </extension>
  <extension point="xbmc.addon.metadata">
    <summary lang="en">[COLORgold]KodiTVR PlayList Add-on - for Kodi version 19 x Matrix[/COLOR]</summary>
    <summary lang="de">[COLORchocolate]KodiTVR PlayList Add-on - für Kodi Version 19 x Matrix[/COLOR]</summary>
    <description lang="en">[COLORlime]KodiTVR PlayList Add-on for - Kodi Version 19 x Matrix, [COLORsilver][[COLORgreen]P[/COLOR][COLORred]T[/COLOR]][/COLOR]  [COLORred]KodiTVR Add-on - para carregar/ler listas IPTV M3U p'o Kodi versão 19 X Matrix.[/COLOR]</description>
    <language>en de</language>
    <platform>all</platform>
      <assets>
        <icon>icon.png</icon>
        <fanart>fanart.jpg</fanart>
    </assets>
  </extension>
</addon>
