<?xml version="1.0" encoding="UTF-8" standalone="yes"?>
<addon id="plugin.video.KodiTVR.UFC" name="[COLOR red][B]KodiTVR[/B][/COLOR] UFC" version="1.0.0+matrix" provider-name="KodiTVR">
  <requires>
    <import addon="xbmc.python" version="3.0.0"/>
    <import addon="plugin.video.youtube"/>
  </requires>
 <extension point="xbmc.python.pluginsource" library="default.py">
    <provides>video</provides>
 </extension>
 <extension point="xbmc.addon.metadata">
    <summary lang="en">[COLOR lime][B]KodiTVR Add-on UFC[/B][/COLOR]</summary>
    <description lang="en">[COLOR yellow]-For Kodi 19.x version[/COLOR] [COLOR blue]KodiTVR[/COLOR]  
	[B][COLOR silver]UFC[/COLOR][/B].</description>
    <platform>all</platform>
    <website>https://koditvr.wixsite.com/website</website>
    <assets>
    <icon>icon.png</icon>
	<fanart>fanart.jpg</fanart>
    </assets>
 </extension>
</addon>
