<?xml version="1.0" encoding="UTF-8" standalone="yes"?>
<addon id="plugin.video.KodiTVR.MOTOGP" name="KodiTVR [COLOR red]MOTO[/COLOR]GP" version="1.0.0+matrix" provider-name="KodiTVR">
  <requires>
    <import addon="xbmc.python" version="3.0.0"/>
    <import addon="plugin.video.youtube"/>
  </requires>
 <extension point="xbmc.python.pluginsource" library="default.py">
    <provides>video</provides>
 </extension>
 <extension point="xbmc.addon.metadata">
    <summary lang="en">ADD-ON - KodiTVR [COLOR red]MOTO[/COLOR]GP</summary>
    <description lang="en">[COLOR yellow]-For Kodi 19.x version[/COLOR] [COLOR blue]ADD-ON[/COLOR]  
	[COLOR lime]MATRIX[/COLOR]  by KodiTVR [COLOR red]MOTO[/COLOR]GP.</description>
    <platform>all</platform>
    <website>https://koditvr.wixsite.com/website</website>
    <assets>
    <icon>icon.png</icon>
	<fanart>fanart.jpg</fanart>
    </assets>
 </extension>
</addon>
