<?xml version="1.0" encoding="UTF-8" standalone="yes"?>
<addon id="plugin.video.KodiTVR_Live_Sport" name="[COLORred]KodiTVR[/COLOR][COLORwhite]_Live_[/COLOR][COLORblue]Sport[/COLOR]" version="0.0.3.1" provider-name="KodiTVR">
  <requires>
    <!--import addon="xbmc.python" version="2.1.0"/-->
    <import addon="script.module.dateutil" />
  </requires>
  <extension point="xbmc.python.pluginsource" library="default.py">
    <provides>video</provides>
  </extension>
  <extension point="xbmc.addon.metadata">
    <summary lang="en">[COLORblue]KodiTVR_Live_Sport HD by KodiTVR[/COLOR]</summary>
    <description lang="en">KodiTVR_Live_Sport Streams from Internet</description>
    <disclaimer lang="en">[COLORyellow]All the streams on this add-on [COLORred]KodiTVR[/COLOR][COLORwhite]_Live_[/COLOR][COLORblue]Sport[/COLOR] are hosted on the third party site and uploaded by other people. We are not responsible for any content that hosted on on the third-party sites. If you have any legal issues please contact appropriate video owners hosters.[/COLOR]</disclaimer>
	<language>EN</language>
    <license>GNU GPL, version 2</license>
    <twitter>https://twitter.com/KodiTVR</twitter>
    <news>add timezone selection in setting
    </news>
  </extension>
</addon>
