<?xml version="1.0" encoding="UTF-8" standalone="yes"?>
<addon id="plugin.video.KodiTVR.YT.PLAY"
	name="[COLORred]KodiTVR [COLORcyan]CINE [COLORsilver]TV [COLORblack]PLAY[/COLOR]"
	version="1.0.0+matrix"
	provider-name="KodiTVR">
  <requires>
    <import addon="xbmc.python" version="3.0.0"/>
    <import addon="script.module.simplejson"/>
    <import addon="script.module.resolveurl"/>
    <import addon="inputstream.adaptive"/>
    <import addon="plugin.video.youtube" optional="true" />
  </requires>
  <extension point="xbmc.python.pluginsource" library="KodiTVR.py">
        <provides>video</provides>
  </extension>
  <extension point="xbmc.addon.metadata">
    <summary lang="en">KodiTVR add-on [COLORgold]KodiTVR [COLORdarkblue]CINE [COLORsilver]TV [COLORred]PLAY[/COLOR]</summary>
    <description lang="en">All video contained within this add-on [COLORlime]KodiTVR[/COLOR] is scraped from WEB and is not hosted in any way by the author.</description>
    <platform>all</platform>
    <assets>
    <icon>icon.png</icon>
    <fanart>fanart.jpg</fanart>
    </assets>
  </extension>
</addon>

