<?xml version="1.0" encoding="UTF-8" standalone="yes"?>
<addon id="plugin.video.KodiTVR_radio" name="KodiTVR RADIO PT" version="0.0.1+matrix.1" provider-name="KodiTVR">
<requires>
  <import addon="script.module.routing" version="0.2.3"/>
  <import addon="xbmc.python" version="3.0.0"/>
</requires>
<extension point="xbmc.python.pluginsource" library="resources/lib/addon_entry.py">
  <provides>video</provides>
</extension>
<extension point="xbmc.addon.metadata">
  <summary lang="en_GB">KodiTVR_radio</summary>
  <description lang="en_GB">KodiTVR_radio add-on rádio de Portugal.</description>
  <disclaimer lang="en_GB"></disclaimer>
  <language>en</language>
  <platform>all</platform>
  <license>GPL-3.0-only</license>
  <website>https://koditvr.wixsite.com/website</website>
  <source></source>
  <forum></forum>
  <news>
  </news>
  <assets>
    <icon>resources/media/icon.png</icon>
    <fanart>resources/media/fanart.jpg</fanart>
  </assets>
  <reuselanguageinvoker>true</reuselanguageinvoker>
</extension>
</addon>
