<?xml version="1.0" encoding="UTF-8" standalone="yes"?>
<addon id="plugin.video.KodiTVR_desporto"
       name="[COLORlime]KodiTVR SPORT NET[/COLOR]"
       version="0.0.1+matrix1"
       provider-name="KodiTVR">
  <requires>    
	  <import addon="script.module.requests" />
    <import addon="script.module.six" />
  </requires>
  <extension point="xbmc.python.pluginsource" library="run.py">
    <provides>video</provides>
  </extension>


  <extension point="xbmc.addon.metadata">
    <summary>KodiTVR Desporto</summary>
    <description>Daily Sport for app Kodi...</description>
	
	<disclaimer>[COLORlime]Add-on for app KODI to watch sports.[/COLOR]</disclaimer>
	    <platform>all</platform>
	  <assets>
		<icon>icon.png</icon>
		<fanart>fanart.jpg</fanart>
	  </assets>

  </extension>
</addon>
